USE ecommerce_db;

INSERT INTO categories (name) VALUES
('all'),
('clothes'),
('tech');

INSERT INTO attribute_sets (id, name, type) VALUES
('Size', 'Size', 'text'),
('Color', 'Color', 'swatch'),
('Capacity', 'Capacity', 'text'),
('With USB 3 ports', 'With USB 3 ports', 'text'),
('Touch ID in keyboard', 'Touch ID in keyboard', 'text');

-- Size attributes for shoes
INSERT INTO attribute_items (id, attribute_set_id, display_value, value) VALUES
('40', 'Size', '40', '40'),
('41', 'Size', '41', '41'),
('42', 'Size', '42', '42'),
('43', 'Size', '43', '43');

-- Size attributes for clothes
INSERT INTO attribute_items (id, attribute_set_id, display_value, value) VALUES
('Small', 'Size', 'Small', 'S'),
('Medium', 'Size', 'Medium', 'M'),
('Large', 'Size', 'Large', 'L'),
('Extra Large', 'Size', 'Extra Large', 'XL');

INSERT INTO attribute_items (id, attribute_set_id, display_value, value) VALUES
('Green', 'Color', 'Green', '#44FF03'),
('Cyan', 'Color', 'Cyan', '#03FFF7'),
('Blue', 'Color', 'Blue', '#030BFF'),
('Black', 'Color', 'Black', '#000000'),
('White', 'Color', 'White', '#FFFFFF');

INSERT INTO attribute_items (id, attribute_set_id, display_value, value) VALUES
('512G', 'Capacity', '512G', '512G'),
('1T', 'Capacity', '1T', '1T'),
('256GB', 'Capacity', '256GB', '256GB'),
('512GB', 'Capacity', '512GB', '512GB');

INSERT INTO attribute_items (id, attribute_set_id, display_value, value) VALUES
('Yes', 'With USB 3 ports', 'Yes', 'Yes'),
('No', 'With USB 3 ports', 'No', 'No');

INSERT INTO attribute_items (id, attribute_set_id, display_value, value) VALUES
('Yes_TouchID', 'Touch ID in keyboard', 'Yes', 'Yes'),
('No_TouchID', 'Touch ID in keyboard', 'No', 'No');

INSERT INTO products (id, name, in_stock, description, category_id, brand) VALUES
('huarache-x-stussy-le', 'Nike Air Huarache Le', TRUE, '<p>Great sneakers for everyday use!</p>', 2, 'Nike x Stussy');

INSERT INTO products (id, name, in_stock, description, category_id, brand) VALUES
('jacket-canada-goosee', 'Jacket', TRUE, '<p>Awesome winter jacket</p>', 2, 'Canada Goose');

INSERT INTO products (id, name, in_stock, description, category_id, brand) VALUES
('ps-5', 'PlayStation 5', TRUE, '<p>A good gaming console. Plays games of PS4! Enjoy if you can buy it mwahahahaha</p>', 3, 'Sony');

INSERT INTO products (id, name, in_stock, description, category_id, brand) VALUES
('xbox-series-s', 'Xbox Series S 512GB', FALSE, '<div>
    <ul>
        <li><span>Hardware-beschleunigtes Raytracing macht dein Spiel noch realistischer</span></li>
        <li><span>Spiele Games mit bis zu 120 Bilder pro Sekunde</span></li>
        <li><span>Minimiere Ladezeiten mit einer speziell entwickelten 512GB NVMe SSD und wechsle mit Quick Resume nahtlos zwischen mehreren Spielen.</span></li>
        <li><span>Xbox Smart Delivery stellt sicher, dass du die beste Version deines Spiels spielst, egal, auf welcher Konsole du spielst</span></li>
        <li><span>Spiele deine Xbox One-Spiele auf deiner Xbox Series S weiter. Deine Fortschritte, Erfolge und Freundesliste werden automatisch auf das neue System übertragen.</span></li>
        <li><span>Erwecke deine Spiele und Filme mit innovativem 3D Raumklang zum Leben</span></li>
        <li><span>Der brandneue Xbox Wireless Controller zeichnet sich durch höchste Präzision, eine neue Share-Taste und verbesserte Ergonomie aus</span></li>
        <li><span>Ultra-niedrige Latenz verbessert die Reaktionszeit von Controller zum Fernseher</span></li>
        <li><span>Verwende dein Xbox One-Gaming-Zubehör -Loss Controller, Headsets und mehr</span></li>
        <li><span>Erweitere deinen Speicher mit der Seagate 1 TB-Erweiterungskarte für Xbox Series X (separat erhältlich) und streame 4K-Videos von Disney+, Netflix, Amazon, Microsoft Movies & TV und mehr</span></li>
    </ul>
</div>', 3, 'Microsoft');

INSERT INTO products (id, name, in_stock, description, category_id, brand) VALUES
('apple-imac-2021', 'iMac 2021', TRUE, 'The new iMac!', 3, 'Apple');

INSERT INTO products (id, name, in_stock, description, category_id, brand) VALUES
('apple-iphone-12-pro', 'iPhone 12 Pro', TRUE, 'This is iPhone 12. Nothing else to say.', 3, 'Apple');

INSERT INTO products (id, name, in_stock, description, category_id, brand) VALUES
('apple-airpods-pro', 'AirPods Pro', FALSE, '
<h3>Magic like you''ve never heard</h3>
<p>AirPods Pro have been designed to deliver Active Noise Cancellation for immersive sound, Transparency mode so you can hear your surroundings, and a customizable fit for all-day comfort. Just like AirPods, AirPods Pro connect magically to your iPhone or Apple Watch. And they''re ready to use right out of the case.

<h3>Active Noise Cancellation</h3>
<p>Incredibly light noise-cancelling headphones, AirPods Pro block out your environment so you can focus on what you''re listening to. AirPods Pro use two microphones, an outward-facing microphone and an inward-facing microphone, to create superior noise cancellation. By continuously adapting to the geometry of your ear and the fit of the ear tips, Active Noise Cancellation silences the world to keep you fully tuned in to your music, podcasts, and calls.

<h3>Transparency mode</h3>
<p>Switch to Transparency mode and AirPods Pro let the outside sound in, allowing you to hear and connect to your surroundings. Outward- and inward-facing microphones enable AirPods Pro to undo the sound-isolating effect of the silicone tips so things sound and feel natural, like when you''re talking to people around you.</p>

<h3>All-new design</h3>
<p>AirPods Pro offer a more customizable fit with three sizes of flexible silicone tips to choose from. With an internal taper, they conform to the shape of your ear, securing your AirPods Pro in place and creating an exceptional seal for superior noise cancellation.</p>

<h3>Amazing audio quality</h3>
<p>A custom-built high-excursion, low-distortion driver delivers powerful bass. A superefficient high dynamic range amplifier produces pure, incredibly clear sound while also extending battery life. And Adaptive EQ automatically tunes music to suit the shape of your ear for a rich, consistent listening experience.</p>

<h3>Even more magical</h3>
<p>The Apple-designed H1 chip delivers incredibly low audio latency. A force sensor on the stem makes it easy to control music and calls and switch between Active Noise Cancellation and Transparency mode. Announce Messages with Siri gives you the option to have Siri read your messages through your AirPods. And with Audio Sharing, you and a friend can share the same audio stream on two sets of AirPods — so you can play a game, watch a movie, or listen to a song together.</p>
', 3, 'Apple');

INSERT INTO products (id, name, in_stock, description, category_id, brand) VALUES
('apple-airtag', 'AirTag', TRUE, '
<h1>Lose your knack for losing things.</h1>
<p>AirTag is an easy way to keep track of your stuff. Attach one to your keys, slip another one in your backpack. And just like that, they''re on your radar in the Find My app. AirTag has your back.</p>
', 3, 'Apple');

INSERT INTO product_gallery (product_id, image_url, position) VALUES
('huarache-x-stussy-le', 'https://cdn.shopify.com/s/files/1/0087/6193/3920/products/DD1381200_DEOA_2_720x.jpg?v=1612816087', 0),
('huarache-x-stussy-le', 'https://cdn.shopify.com/s/files/1/0087/6193/3920/products/DD1381200_DEOA_1_720x.jpg?v=1612816087', 1),
('huarache-x-stussy-le', 'https://cdn.shopify.com/s/files/1/0087/6193/3920/products/DD1381200_DEOA_3_720x.jpg?v=1612816087', 2),
('huarache-x-stussy-le', 'https://cdn.shopify.com/s/files/1/0087/6193/3920/products/DD1381200_DEOA_4_720x.jpg?v=1612816087', 3),
('huarache-x-stussy-le', 'https://cdn.shopify.com/s/files/1/0087/6193/3920/products/DD1381200_DEOA_5_720x.jpg?v=1612816087', 4);

INSERT INTO product_gallery (product_id, image_url, position) VALUES
('jacket-canada-goosee', 'https://images.canadagoose.com/image/upload/w_480,c_scale,f_auto,q_auto:best/v1576016105/product-image/2409L_61.jpg', 0),
('jacket-canada-goosee', 'https://images.canadagoose.com/image/upload/w_480,c_scale,f_auto,q_auto:best/v1576016107/product-image/2409L_61_a.jpg', 1),
('jacket-canada-goosee', 'https://images.canadagoose.com/image/upload/w_480,c_scale,f_auto,q_auto:best/v1576016108/product-image/2409L_61_b.jpg', 2),
('jacket-canada-goosee', 'https://images.canadagoose.com/image/upload/w_480,c_scale,f_auto,q_auto:best/v1576016109/product-image/2409L_61_c.jpg', 3),
('jacket-canada-goosee', 'https://images.canadagoose.com/image/upload/w_480,c_scale,f_auto,q_auto:best/v1576016110/product-image/2409L_61_d.jpg', 4);

INSERT INTO product_gallery (product_id, image_url, position) VALUES
('ps-5', 'https://images-na.ssl-images-amazon.com/images/I/510VSJ9mWDL._SL1262_.jpg', 0),
('ps-5', 'https://images-na.ssl-images-amazon.com/images/I/610%2B69ZsKCL._SL1500_.jpg', 1),
('ps-5', 'https://images-na.ssl-images-amazon.com/images/I/51iPoFwQT3L._SL1230_.jpg', 2),
('ps-5', 'https://images-na.ssl-images-amazon.com/images/I/61qbqFcvoNL._SL1500_.jpg', 3),
('ps-5', 'https://images-na.ssl-images-amazon.com/images/I/51HCjA3rqYL._SL1230_.jpg', 4);

INSERT INTO product_gallery (product_id, image_url, position) VALUES
('xbox-series-s', 'https://images-na.ssl-images-amazon.com/images/I/71vPCX0bS-L._SL1500_.jpg', 0),
('xbox-series-s', 'https://images-na.ssl-images-amazon.com/images/I/71q7JTbRTpL._SL1500_.jpg', 1),
('xbox-series-s', 'https://images-na.ssl-images-amazon.com/images/I/71iQ4HGHtsL._SL1500_.jpg', 2),
('xbox-series-s', 'https://images-na.ssl-images-amazon.com/images/I/61IYrCrBzxL._SL1500_.jpg', 3),
('xbox-series-s', 'https://images-na.ssl-images-amazon.com/images/I/61RnXmpAmIL._SL1500_.jpg', 4);

INSERT INTO product_gallery (product_id, image_url, position) VALUES
('apple-imac-2021', 'https://store.storeimages.cdn-apple.com/4982/as-images.apple.com/is/imac-24-blue-selection-hero-202104?wid=904&hei=840&fmt=jpeg&qlt=80&.v=1617492405000', 0);

INSERT INTO product_gallery (product_id, image_url, position) VALUES
('apple-iphone-12-pro', 'https://store.storeimages.cdn-apple.com/4982/as-images.apple.com/is/iphone-12-pro-family-hero?wid=940&hei=1112&fmt=jpeg&qlt=80&.v=1604021663000', 0);

INSERT INTO product_gallery (product_id, image_url, position) VALUES
('apple-airpods-pro', 'https://store.storeimages.cdn-apple.com/4982/as-images.apple.com/is/MWP22?wid=572&hei=572&fmt=jpeg&qlt=95&.v=1591634795000', 0);

INSERT INTO product_gallery (product_id, image_url, position) VALUES
('apple-airtag', 'https://store.storeimages.cdn-apple.com/4982/as-images.apple.com/is/airtag-double-select-202104?wid=445&hei=370&fmt=jpeg&qlt=95&.v=1617761672000', 0);

INSERT INTO product_attributes (product_id, attribute_set_id) VALUES
('huarache-x-stussy-le', 'Size');

INSERT INTO product_attributes (product_id, attribute_set_id) VALUES
('jacket-canada-goosee', 'Size');

INSERT INTO product_attributes (product_id, attribute_set_id) VALUES
('ps-5', 'Color'),
('ps-5', 'Capacity');

INSERT INTO product_attributes (product_id, attribute_set_id) VALUES
('xbox-series-s', 'Color'),
('xbox-series-s', 'Capacity');

INSERT INTO product_attributes (product_id, attribute_set_id) VALUES
('apple-imac-2021', 'Capacity'),
('apple-imac-2021', 'With USB 3 ports'),
('apple-imac-2021', 'Touch ID in keyboard');

INSERT INTO product_attributes (product_id, attribute_set_id) VALUES
('apple-iphone-12-pro', 'Capacity'),
('apple-iphone-12-pro', 'Color');

-- AirPods Pro and AirTag have no attributes

INSERT INTO prices (product_id, amount, currency_label, currency_symbol) VALUES
('huarache-x-stussy-le', 144.69, 'USD', '$'),
('jacket-canada-goosee', 518.47, 'USD', '$'),
('ps-5', 844.02, 'USD', '$'),
('xbox-series-s', 333.99, 'USD', '$'),
('apple-imac-2021', 1688.03, 'USD', '$'),
('apple-iphone-12-pro', 1000.76, 'USD', '$'),
('apple-airpods-pro', 300.23, 'USD', '$'),
('apple-airtag', 120.57, 'USD', '$');